date,ticker,open,high,low,close,adj_close,volume
2024-01-01,INFY,289.37,292.18,286.23,289.37,289.37,37272
2024-01-02,INFY,289.37,292.81,287.16,290.34,290.34,194866
2024-01-03,INFY,290.34,294.34,286.86,291.49,291.49,60627
2024-01-04,INFY,291.49,296.01,289.44,292.21,292.21,169029
2024-01-05,INFY,292.21,298.87,291,298.17,298.17,102332
2024-01-08,INFY,298.17,301.96,295.85,300.69,300.69,10178
2024-01-09,INFY,300.69,305.28,294.4,296.69,296.69,74925
2024-01-10,INFY,296.69,297.47,292.52,293.53,293.53,178599
2024-01-11,INFY,293.53,298.66,290.48,295.91,295.91,112259
2024-01-12,INFY,295.91,301.38,294.1,298.7,298.7,102409
2024-01-15,INFY,298.7,299.56,296.92,297.97,297.97,141649
2024-01-16,INFY,297.97,300.74,295.45,298.57,298.57,124657
2024-01-17,INFY,298.57,299.46,297.64,298.47,298.47,99075
2024-01-18,INFY,298.47,301.42,295,298.06,298.06,161214
2024-01-19,INFY,298.06,301.54,297.28,300.03,300.03,52442
2024-01-22,INFY,300.03,303.2,295.92,297.54,297.54,139139
2024-01-23,INFY,297.54,299.1,293.64,295.76,295.76,142239
2024-01-24,INFY,295.76,298.82,294.17,297.51,297.51,104804
2024-01-25,INFY,297.51,299.61,291.03,295.71,295.71,83272
2024-01-26,INFY,295.71,298.82,290.84,295.81,295.81,217020
2024-01-29,INFY,295.81,297.61,295.09,296.68,296.68,158869
2024-01-30,INFY,296.68,297.24,291.08,291.67,291.67,73697
2024-01-31,INFY,291.67,295.35,290.17,293.46,293.46,147674
2024-02-01,INFY,293.46,294.02,292.56,293.47,293.47,194498
2024-02-02,INFY,293.47,300.37,290.33,298.26,298.26,74500
2024-02-05,INFY,298.26,306.16,297.26,304.69,304.69,139087
2024-02-06,INFY,304.69,305.7,299.74,300.76,300.76,94416
2024-02-07,INFY,300.76,301.23,300.1,300.86,300.86,71273
2024-02-08,INFY,300.86,303.73,297.48,299.74,299.74,98966
2024-02-09,INFY,299.74,300.86,298.53,299.45,299.45,159535
2024-02-12,INFY,299.45,301.79,293.97,296.7,296.7,202613
2024-02-13,INFY,296.7,297.16,293.53,293.9,293.9,171344
2024-02-14,INFY,293.9,294.61,288.64,289.07,289.07,148480
2024-02-15,INFY,289.07,289.83,285.93,287.42,287.42,169278
2024-02-16,INFY,287.42,289.45,286.14,288.61,288.61,62688
2024-02-19,INFY,288.61,293.62,286.12,289.61,289.61,129767
2024-02-20,INFY,289.61,296.83,289.24,296.4,296.4,114498
2024-02-21,INFY,296.4,302.73,292.99,300.1,300.1,49570
2024-02-22,INFY,300.1,302.6,294.89,297.47,297.47,98535
2024-02-23,INFY,297.47,297.81,296.67,297.09,297.09,12404
2024-02-26,INFY,297.09,301.24,296.79,300.77,300.77,140737
2024-02-27,INFY,300.77,304.2,297.8,302.67,302.67,183306
2024-02-28,INFY,302.67,306.7,301.5,303.27,303.27,110156
2024-02-29,INFY,303.27,306.53,297.61,300.46,300.46,147685
2024-03-01,INFY,300.46,302.48,297.97,300.15,300.15,77958
2024-03-04,INFY,300.15,302.96,293.07,294.39,294.39,65544
2024-03-05,INFY,294.39,299.28,292.85,297.97,297.97,148684
2024-03-06,INFY,297.97,303.46,293.97,299.76,299.76,97987
2024-03-07,INFY,299.76,302.13,299.21,301.39,301.39,58931
2024-03-08,INFY,301.39,301.86,300.18,300.81,300.81,117461
2024-03-11,INFY,300.81,302.03,296.21,297.65,297.65,93012
2024-03-12,INFY,297.65,302.61,291.72,297.4,297.4,113096
2024-03-13,INFY,297.4,299.67,296.94,299.19,299.19,153218
2024-03-14,INFY,299.19,305.65,296.53,303.25,303.25,90526
2024-03-15,INFY,303.25,304.55,300.95,302.13,302.13,78121
2024-03-18,INFY,302.13,306.22,296.48,298.31,298.31,115340
2024-03-19,INFY,298.31,300.25,297.98,299.85,299.85,42336
2024-03-20,INFY,299.85,305.68,298.14,302.42,302.42,172812
2024-03-21,INFY,302.42,305.9,299.75,302.32,302.32,166270
2024-03-22,INFY,302.32,305.66,298.31,304,304,88283
2024-03-25,INFY,304,310.57,301.14,308.83,308.83,85558
2024-03-26,INFY,308.83,312.28,305.13,307.88,307.88,159608
2024-03-27,INFY,307.88,311.1,306.24,309.54,309.54,114444
2024-03-28,INFY,309.54,315.19,307.74,310.86,310.86,122971
2024-03-29,INFY,310.86,315.81,307.85,312.72,312.72,188835
2024-04-01,INFY,312.72,314.5,311.96,313.39,313.39,88820
2024-04-02,INFY,313.39,317.22,312.57,316.22,316.22,143706
2024-04-03,INFY,316.22,317.64,315.44,315.98,315.98,193372
2024-04-04,INFY,315.98,316.59,311.23,311.8,311.8,39168
2024-04-05,INFY,311.8,314.31,310.41,312.67,312.67,207575
2024-04-08,INFY,312.67,314.71,309.84,313.73,313.73,121503
2024-04-09,INFY,313.73,315.29,310.25,313.52,313.52,153050
2024-04-10,INFY,313.52,314.98,310.77,312.54,312.54,175349
2024-04-11,INFY,312.54,314.82,310.63,313.29,313.29,222561
2024-04-12,INFY,313.29,318.35,307.37,309.42,309.42,114912
2024-04-15,INFY,309.42,317.7,305.78,312.95,312.95,136107
2024-04-16,INFY,312.95,316.72,308.76,312.2,312.2,165501
2024-04-17,INFY,312.2,315.63,306.27,311.45,311.45,156770
2024-04-18,INFY,311.45,312.97,308.62,310.58,310.58,147307
2024-04-19,INFY,310.58,314.14,304.78,306.91,306.91,203638
2024-04-22,INFY,306.91,311.87,304.26,307.79,307.79,75061
2024-04-23,INFY,307.79,309.11,306.98,308.34,308.34,110160
2024-04-24,INFY,308.34,312.16,305.77,310.96,310.96,94535
2024-04-25,INFY,310.96,312.69,310.1,311.4,311.4,74325
2024-04-26,INFY,311.4,315.46,308.71,312.08,312.08,146899
2024-04-29,INFY,312.08,319.91,308.46,317.26,317.26,141817
2024-04-30,INFY,317.26,318.88,315.5,316.6,316.6,77952
2024-05-01,INFY,316.6,321.14,314.88,317.07,317.07,114356
2024-05-02,INFY,317.07,318.67,313.99,315.59,315.59,161460
2024-05-03,INFY,315.59,317.89,313.02,314.65,314.65,112200
2024-05-06,INFY,314.65,319.46,312.03,314.57,314.57,126319
2024-05-07,INFY,314.57,317.35,308.5,310.65,310.65,109452
2024-05-08,INFY,310.65,315.25,304.63,310.04,310.04,6436
2024-05-09,INFY,310.04,313.07,306.14,311.47,311.47,183245
2024-05-10,INFY,311.47,315.79,309.54,314.48,314.48,109628
2024-05-13,INFY,314.48,318.62,311.16,316.08,316.08,71293
2024-05-14,INFY,316.08,324.75,313.86,321.44,321.44,116562
2024-05-15,INFY,321.44,324.92,319.82,323.47,323.47,80582
2024-05-16,INFY,323.47,323.87,321.56,321.91,321.91,122867
2024-05-17,INFY,321.91,323.58,319.21,321.48,321.48,83175
2024-05-20,INFY,321.48,326.55,320.42,324.27,324.27,177779
2024-05-21,INFY,324.27,331.14,323.19,329.28,329.28,164914
2024-05-22,INFY,329.28,337.78,325.53,332.81,332.81,111099
2024-05-23,INFY,332.81,337.43,328.57,334.61,334.61,135721
2024-05-24,INFY,334.61,341.48,332.1,339.13,339.13,52847
2024-05-27,INFY,339.13,341.05,338.42,340.57,340.57,172394
2024-05-28,INFY,340.57,344.72,338.32,341.94,341.94,53537
2024-05-29,INFY,341.94,348.12,340.37,344.88,344.88,130572
2024-05-30,INFY,344.88,348.06,342.97,345.34,345.34,134234
2024-05-31,INFY,345.34,347.95,342.48,344.23,344.23,23979
2024-06-03,INFY,344.23,346.55,339.15,340.38,340.38,133234
2024-06-04,INFY,340.38,341.24,337.15,338.08,338.08,132597
2024-06-05,INFY,338.08,339.61,337.75,338.86,338.86,148660
2024-06-06,INFY,338.86,342.32,335.29,338.4,338.4,86023
2024-06-07,INFY,338.4,343.96,337.89,343.66,343.66,135045
2024-06-10,INFY,343.66,346.17,336.7,341.18,341.18,106788
2024-06-11,INFY,341.18,343.52,333.39,335.01,335.01,137795
2024-06-12,INFY,335.01,338.13,325.74,331.33,331.33,121373
2024-06-13,INFY,331.33,336.41,326.18,329.48,329.48,145240
2024-06-14,INFY,329.48,331.62,324.13,326.77,326.77,96600
2024-06-17,INFY,326.77,329.16,322.63,325.43,325.43,102393
2024-06-18,INFY,325.43,327.33,324.58,326.06,326.06,163484
2024-06-19,INFY,326.06,328.65,323.94,325.29,325.29,175930
2024-06-20,INFY,325.29,327.08,322.93,324.08,324.08,83895
2024-06-21,INFY,324.08,326.53,323.17,324.69,324.69,187718
2024-06-24,INFY,324.69,328.62,320.63,323.61,323.61,14055
2024-06-25,INFY,323.61,330.45,319.4,325.58,325.58,90813
2024-06-26,INFY,325.58,326.39,324.79,325.79,325.79,34761
2024-06-27,INFY,325.79,331.27,321.71,325.18,325.18,157219
2024-06-28,INFY,325.18,331.78,322.82,326.55,326.55,172563
2024-07-01,INFY,326.55,327.49,323.13,324.17,324.17,136228
2024-07-02,INFY,324.17,324.76,322.03,322.92,322.92,123665
2024-07-03,INFY,322.92,327.86,316.72,320.14,320.14,169845
2024-07-04,INFY,320.14,320.66,318.71,319.16,319.16,185579
2024-07-05,INFY,319.16,321.53,314.36,317.4,317.4,140571
2024-07-08,INFY,317.4,317.65,316.53,317.13,317.13,104061
2024-07-09,INFY,317.13,321.05,310.89,314.26,314.26,79117
2024-07-10,INFY,314.26,314.75,310.65,311.2,311.2,132294
2024-07-11,INFY,311.2,316.92,310.32,315.59,315.59,169958
2024-07-12,INFY,315.59,322.4,314.67,321.67,321.67,135678
2024-07-15,INFY,321.67,330.52,316.42,326,326,177246
2024-07-16,INFY,326,328.25,323.05,326.41,326.41,181200
2024-07-17,INFY,326.41,327.15,320.37,320.88,320.88,61470
2024-07-18,INFY,320.88,324.58,319.33,323.42,323.42,120066
2024-07-19,INFY,323.42,326.46,320.9,323.32,323.32,127575
2024-07-22,INFY,323.32,325.22,319.68,322.2,322.2,161267
2024-07-23,INFY,322.2,324.39,321.54,323.65,323.65,69391
2024-07-24,INFY,323.65,325.53,323.39,325.22,325.22,95972
2024-07-25,INFY,325.22,334.8,320.87,329.59,329.59,113731
2024-07-26,INFY,329.59,336.32,328.32,335.52,335.52,172828
2024-07-29,INFY,335.52,337.21,334.61,336.49,336.49,118027
2024-07-30,INFY,336.49,338.86,333.68,334.71,334.71,56516
2024-07-31,INFY,334.71,336.6,332.23,335.29,335.29,84393
2024-08-01,INFY,335.29,338.94,329.65,331.56,331.56,128483
2024-08-02,INFY,331.56,333.33,325.81,330.55,330.55,203555
2024-08-05,INFY,330.55,332.97,325.39,327.6,327.6,116011
2024-08-06,INFY,327.6,331.47,325.5,330.25,330.25,118482
2024-08-07,INFY,330.25,337.39,324.46,333.87,333.87,178114
2024-08-08,INFY,333.87,334.69,332.76,333.18,333.18,190489
2024-08-09,INFY,333.18,336.87,331.55,334.58,334.58,114614
2024-08-12,INFY,334.58,338.32,333.17,335.72,335.72,125097
2024-08-13,INFY,335.72,340.75,333.94,338.02,338.02,133080
2024-08-14,INFY,338.02,342.62,333.29,337.93,337.93,81092
2024-08-15,INFY,337.93,342.79,334.4,341.08,341.08,140087
2024-08-16,INFY,341.08,342.27,338.24,339.58,339.58,158007
2024-08-19,INFY,339.58,344.95,337.59,342.65,342.65,1104
2024-08-20,INFY,342.65,348.02,341.23,346.26,346.26,115868
2024-08-21,INFY,346.26,348.73,343.37,346.18,346.18,154274
2024-08-22,INFY,346.18,347.83,345.56,347.54,347.54,146236
2024-08-23,INFY,347.54,349.1,346.44,347.84,347.84,128101
2024-08-26,INFY,347.84,349.95,347.39,349.64,349.64,111970
2024-08-27,INFY,349.64,353.18,348.66,351.68,351.68,70853
2024-08-28,INFY,351.68,357.37,347.66,352.48,352.48,169619
2024-08-29,INFY,352.48,354.6,350.09,351.83,351.83,133714
2024-08-30,INFY,351.83,356.96,348.97,354.33,354.33,120560
2024-09-02,INFY,354.33,358.59,350.59,355.75,355.75,131010
2024-09-03,INFY,355.75,364.07,354.96,363.06,363.06,82520
2024-09-04,INFY,363.06,365.05,356.86,359.77,359.77,96074
2024-09-05,INFY,359.77,366.79,359.06,365.8,365.8,100353
2024-09-06,INFY,365.8,367.54,365.33,367.13,367.13,58247
2024-09-09,INFY,367.13,372.9,361.59,369.67,369.67,70788
2024-09-10,INFY,369.67,370.93,366.27,367.77,367.77,126375
2024-09-11,INFY,367.77,368.25,365.37,366.54,366.54,118866
2024-09-12,INFY,366.54,372.03,364.09,367.7,367.7,95424
2024-09-13,INFY,367.7,368.32,367.29,367.82,367.82,176534
2024-09-16,INFY,367.82,370.18,360.48,363.55,363.55,151363
2024-09-17,INFY,363.55,365.34,360.87,363.83,363.83,185937
2024-09-18,INFY,363.83,364.85,363.25,364.12,364.12,118247
2024-09-19,INFY,364.12,366.54,361.17,362.73,362.73,120726
2024-09-20,INFY,362.73,368.27,360.31,365.95,365.95,95271
2024-09-23,INFY,365.95,374.29,360.06,369.8,369.8,192356
2024-09-24,INFY,369.8,370.86,365.47,367.27,367.27,163144
2024-09-25,INFY,367.27,368.74,364,366.36,366.36,179054
2024-09-26,INFY,366.36,369.01,361.7,364.65,364.65,104295
2024-09-27,INFY,364.65,369.26,360.27,365.24,365.24,107037
2024-09-30,INFY,365.24,370.82,360.18,368.47,368.47,205527
2024-10-01,INFY,368.47,370.65,367.14,369.89,369.89,208080
2024-10-02,INFY,369.89,373.88,367.56,369.4,369.4,124614
2024-10-03,INFY,369.4,372.14,363.48,367.83,367.83,180887
2024-10-04,INFY,367.83,376.5,363.99,372.66,372.66,82874
2024-10-07,INFY,372.66,381.02,370.22,376.84,376.84,57061
2024-10-08,INFY,376.84,379.36,374.95,378.45,378.45,111520
2024-10-09,INFY,378.45,381.88,370.58,374.61,374.61,182089
2024-10-10,INFY,374.61,378.26,373.79,377.79,377.79,173980
2024-10-11,INFY,377.79,379.5,376.5,378.28,378.28,132242
2024-10-14,INFY,378.28,381.03,372.12,375.19,375.19,163158
2024-10-15,INFY,375.19,382.16,372.28,379.75,379.75,122616
2024-10-16,INFY,379.75,388.64,373.61,381.53,381.53,104246
2024-10-17,INFY,381.53,383.54,375.62,377.22,377.22,117582
2024-10-18,INFY,377.22,378.85,374.33,376.44,376.44,84051
2024-10-21,INFY,376.44,379.99,373.4,376,376,141942
2024-10-22,INFY,376,377.87,370.41,374.34,374.34,150834
2024-10-23,INFY,374.34,380.34,372.17,376.37,376.37,130092
2024-10-24,INFY,376.37,380.42,375.67,379.77,379.77,97279
2024-10-25,INFY,379.77,385.48,372.78,378.62,378.62,197378
2024-10-28,INFY,378.62,386.65,375.93,385.25,385.25,156289
2024-10-29,INFY,385.25,388.65,383.86,386.15,386.15,162569
2024-10-30,INFY,386.15,393.36,385.73,392.19,392.19,126674
2024-10-31,INFY,392.19,397.65,389.3,393.82,393.82,174611
2024-11-01,INFY,393.82,401.94,391.17,397.34,397.34,218727
2024-11-04,INFY,397.34,406.2,395.3,402.33,402.33,112975
2024-11-05,INFY,402.33,403.05,399.39,400.39,400.39,110040
2024-11-06,INFY,400.39,404.84,399.32,404.24,404.24,62697
2024-11-07,INFY,404.24,405.38,399.83,401.45,401.45,141833
2024-11-08,INFY,401.45,403.16,398.72,401.35,401.35,178851
2024-11-11,INFY,401.35,404.62,397.25,401.8,401.8,102726
2024-11-12,INFY,401.8,405.33,400.84,404.77,404.77,123848
2024-11-13,INFY,404.77,405.99,398.38,398.88,398.88,15768
2024-11-14,INFY,398.88,403.99,396.01,399.54,399.54,160515
2024-11-15,INFY,399.54,401.36,398.03,399.5,399.5,103730
2024-11-18,INFY,399.5,403.57,392.43,394.05,394.05,168941
2024-11-19,INFY,394.05,398.68,386.19,388.33,388.33,88682
2024-11-20,INFY,388.33,392.78,384.33,387.45,387.45,87902
2024-11-21,INFY,387.45,388.2,381.77,382.56,382.56,72698
2024-11-22,INFY,382.56,384.17,381.29,383.57,383.57,76806
2024-11-25,INFY,383.57,387.34,373.34,380.09,380.09,258081
2024-11-26,INFY,380.09,381.32,376.61,378.7,378.7,152425
2024-11-27,INFY,378.7,384.24,371.18,376.78,376.78,155060
2024-11-28,INFY,376.78,380.02,371.4,377.57,377.57,213290
2024-11-29,INFY,377.57,380.97,375.67,378.93,378.93,222391
2024-12-02,INFY,378.93,379.98,371.56,372.26,372.26,106929
2024-12-03,INFY,372.26,376.32,359.82,365.67,365.67,43251
2024-12-04,INFY,365.67,372.62,361.26,368.16,368.16,169142
2024-12-05,INFY,368.16,371.37,363.46,364.97,364.97,47357
2024-12-06,INFY,364.97,369.03,363.71,366.36,366.36,224211
2024-12-09,INFY,366.36,370.3,363.41,367.48,367.48,183608
2024-12-10,INFY,367.48,370.95,366.17,368.08,368.08,45364
2024-12-11,INFY,368.08,371.77,364.65,368.27,368.27,153019
2024-12-12,INFY,368.27,373.46,365.47,369.63,369.63,145010
2024-12-13,INFY,369.63,372.18,364.78,366.03,366.03,154213
2024-12-16,INFY,366.03,372.57,364.04,366.46,366.46,131086
2024-12-17,INFY,366.46,368.49,365.93,367.81,367.81,145254
2024-12-18,INFY,367.81,372.92,365.51,370.33,370.33,71759
2024-12-19,INFY,370.33,376.78,367.76,372.5,372.5,162266
2024-12-20,INFY,372.5,375.77,369.94,371.95,371.95,176189
2024-12-23,INFY,371.95,375.99,366.02,372.61,372.61,140564
2024-12-24,INFY,372.61,377.03,369.24,373.29,373.29,133078
2024-12-25,INFY,373.29,380.03,367.67,371.06,371.06,124663
2024-12-26,INFY,371.06,376.8,367.79,371.52,371.52,85450
2024-12-27,INFY,371.52,372.66,370.9,372.27,372.27,179833
2024-12-30,INFY,372.27,374.83,367.25,371.09,371.09,80885
2024-12-31,INFY,371.09,374.47,367.48,371.54,371.54,104483
2025-01-01,INFY,371.54,376.42,370.58,375.28,375.28,175958
2025-01-02,INFY,375.28,379.28,368.59,373.49,373.49,173529
2025-01-03,INFY,373.49,383.4,371.28,381.09,381.09,79183
2025-01-06,INFY,381.09,382.32,380.09,381.65,381.65,187787
2025-01-07,INFY,381.65,385.53,379.64,383.72,383.72,206120
2025-01-08,INFY,383.72,388.21,381.55,387.04,387.04,93548
2025-01-09,INFY,387.04,391.74,382.75,388.18,388.18,114816
2025-01-10,INFY,388.18,395.28,382.11,386.16,386.16,189264
2025-01-13,INFY,386.16,391.13,380.53,385.65,385.65,77804
2025-01-14,INFY,385.65,388.85,384.65,387.93,387.93,117180
2025-01-15,INFY,387.93,391.56,383.81,389.54,389.54,91143
2025-01-16,INFY,389.54,389.97,379.95,380.66,380.66,134657
2025-01-17,INFY,380.66,387.97,378.4,386.23,386.23,148755
2025-01-20,INFY,386.23,388.29,384.29,385.29,385.29,93329
2025-01-21,INFY,385.29,388.76,380.41,383.24,383.24,200511
2025-01-22,INFY,383.24,388.34,379.09,385.2,385.2,105031
2025-01-23,INFY,385.2,387.08,381.14,382.79,382.79,207291
2025-01-24,INFY,382.79,386.16,381.5,384.39,384.39,88923
2025-01-27,INFY,384.39,385.7,380.03,381.52,381.52,77177
2025-01-28,INFY,381.52,382.43,379.01,381.3,381.3,176531
2025-01-29,INFY,381.3,383.14,379.99,381.29,381.29,176566
2025-01-30,INFY,381.29,387.17,376.78,384.44,384.44,118737
2025-01-31,INFY,384.44,387.88,383.12,386.64,386.64,188387
2025-02-03,INFY,386.64,387.39,384.39,385.7,385.7,110316
2025-02-04,INFY,385.7,386.9,376.12,378.91,378.91,153993
2025-02-05,INFY,378.91,382.77,372.42,376.41,376.41,126843
2025-02-06,INFY,376.41,378.48,375.46,377.81,377.81,228616
2025-02-07,INFY,377.81,382.68,375.77,380.25,380.25,170844
2025-02-10,INFY,380.25,384.61,371.05,376.94,376.94,158432
2025-02-11,INFY,376.94,381.86,373.69,377.42,377.42,149073
2025-02-12,INFY,377.42,380.27,374.64,376.59,376.59,124429
2025-02-13,INFY,376.59,382.69,375.97,381.36,381.36,96041
2025-02-14,INFY,381.36,386.77,379.97,385.41,385.41,70585
2025-02-17,INFY,385.41,388.75,384.21,386.83,386.83,174479
2025-02-18,INFY,386.83,388.56,375.86,380.45,380.45,154048
2025-02-19,INFY,380.45,382.87,378.63,379.78,379.78,194797
2025-02-20,INFY,379.78,382.21,374.13,378.46,378.46,181897
2025-02-21,INFY,378.46,382.2,375.9,378.66,378.66,116380
2025-02-24,INFY,378.66,381.68,371.12,374.07,374.07,117715
2025-02-25,INFY,374.07,382.21,369.2,377.88,377.88,254175
2025-02-26,INFY,377.88,383.82,376.29,382.97,382.97,156348
2025-02-27,INFY,382.97,386.08,380.91,382.29,382.29,161003
2025-02-28,INFY,382.29,385.12,378.37,381.5,381.5,47344
2025-03-03,INFY,381.5,383.36,377.74,380.21,380.21,143211
2025-03-04,INFY,380.21,383.1,377.39,380.23,380.23,179172
2025-03-05,INFY,380.23,388.63,375.66,382.2,382.2,173249
2025-03-06,INFY,382.2,388.05,381.55,387.25,387.25,181682
2025-03-07,INFY,387.25,389.2,385.99,387.44,387.44,62606
2025-03-10,INFY,387.44,391.22,385.4,387.48,387.48,96549
2025-03-11,INFY,387.48,396.6,383.06,392.16,392.16,227083
2025-03-12,INFY,392.16,395.15,383.31,388.31,388.31,102248
2025-03-13,INFY,388.31,392.37,387.9,391.65,391.65,90029
2025-03-14,INFY,391.65,397.48,389.76,395.04,395.04,126528
2025-03-17,INFY,395.04,399.62,390.48,397.28,397.28,224862
2025-03-18,INFY,397.28,402.05,392.96,395.22,395.22,61303
2025-03-19,INFY,395.22,399.1,391.26,397.34,397.34,150986
2025-03-20,INFY,397.34,399.99,396.66,399.36,399.36,112657
2025-03-21,INFY,399.36,410.25,396.56,405.34,405.34,119167
2025-03-24,INFY,405.34,408.49,401.63,404.79,404.79,28676
2025-03-25,INFY,404.79,410.06,401.9,407.12,407.12,146584
2025-03-26,INFY,407.12,410.6,400.17,403.33,403.33,136615
2025-03-27,INFY,403.33,409.48,397.02,404.23,404.23,136058
2025-03-28,INFY,404.23,406.33,401.46,404.16,404.16,115510
2025-03-31,INFY,404.16,411.21,398.3,402.15,402.15,108831
2025-04-01,INFY,402.15,402.96,400.7,401.07,401.07,104806
2025-04-02,INFY,401.07,412.66,396.51,407.7,407.7,202369
2025-04-03,INFY,407.7,411.92,400.83,409.45,409.45,176055
2025-04-04,INFY,409.45,413.13,404.41,409.89,409.89,185673
2025-04-07,INFY,409.89,414.76,400.01,406.08,406.08,97848
2025-04-08,INFY,406.08,407.76,403.1,404.4,404.4,224551
2025-04-09,INFY,404.4,408.03,402.43,405.5,405.5,130624
2025-04-10,INFY,405.5,408.32,404.25,406.31,406.31,12217
2025-04-11,INFY,406.31,418.06,402.75,411.42,411.42,120956
2025-04-14,INFY,411.42,415.97,406.62,411.54,411.54,153133
2025-04-15,INFY,411.54,418.7,408.69,411.08,411.08,105008
2025-04-16,INFY,411.08,412.37,408.6,411.05,411.05,85450
2025-04-17,INFY,411.05,412.64,409.83,411.41,411.41,148767
2025-04-18,INFY,411.41,414.38,406.68,411.22,411.22,99797
2025-04-21,INFY,411.22,415.24,407.89,411.84,411.84,235672
2025-04-22,INFY,411.84,419.58,409.57,414.16,414.16,161332
2025-04-23,INFY,414.16,422.65,411.46,418.8,418.8,130383
2025-04-24,INFY,418.8,419.96,416.58,417.37,417.37,119097
2025-04-25,INFY,417.37,419.86,407.23,412.7,412.7,81943
2025-04-28,INFY,412.7,420.56,409.15,414.9,414.9,103296
2025-04-29,INFY,414.9,424.4,409.82,420.5,420.5,89728
2025-04-30,INFY,420.5,421.71,416.96,420.23,420.23,222651
2025-05-01,INFY,420.23,429.13,413.54,422.71,422.71,113455
2025-05-02,INFY,422.71,424.23,418.71,420.13,420.13,164602
2025-05-05,INFY,420.13,425.35,412.98,420.89,420.89,45900
2025-05-06,INFY,420.89,421.4,418.75,419.34,419.34,148991
2025-05-07,INFY,419.34,421.92,414.93,418.24,418.24,128459
2025-05-08,INFY,418.24,420.86,413.86,416.1,416.1,177918
2025-05-09,INFY,416.1,421.39,408.99,414.69,414.69,33199
2025-05-12,INFY,414.69,418.62,410.48,413.41,413.41,126123
2025-05-13,INFY,413.41,416.89,412.3,414.08,414.08,111278
2025-05-14,INFY,414.08,416.07,412.53,414.58,414.58,72207
2025-05-15,INFY,414.58,422.19,410.86,418.03,418.03,68165
2025-05-16,INFY,418.03,421.28,414.25,417.73,417.73,168557
2025-05-19,INFY,417.73,421.48,412.72,414.4,414.4,177751
2025-05-20,INFY,414.4,417.43,410.51,413.6,413.6,127409
2025-05-21,INFY,413.6,418.35,403.46,409.81,409.81,98980
2025-05-22,INFY,409.81,417.87,403.83,413.33,413.33,234241
2025-05-23,INFY,413.33,419.17,407.62,417.19,417.19,110509
2025-05-26,INFY,417.19,418.29,412.03,412.63,412.63,95479
2025-05-27,INFY,412.63,413.58,406.72,408.11,408.11,1210
2025-05-28,INFY,408.11,417.82,403.94,412.26,412.26,190055
2025-05-29,INFY,412.26,414.79,408.22,410.78,410.78,72419
2025-05-30,INFY,410.78,412,408.99,411.1,411.1,179851
2025-06-02,INFY,411.1,411.94,403.13,403.71,403.71,185506
2025-06-03,INFY,403.71,409.05,402.15,408.04,408.04,116860
2025-06-04,INFY,408.04,419,402.01,414.38,414.38,152167
2025-06-05,INFY,414.38,418.54,410.41,415.53,415.53,48485
2025-06-06,INFY,415.53,419.37,407.92,412.14,412.14,204208
2025-06-09,INFY,412.14,421.26,408.18,417.98,417.98,90965
2025-06-10,INFY,417.98,419.27,417.62,418.52,418.52,169786
2025-06-11,INFY,418.52,421.64,411.62,417.69,417.69,159047
2025-06-12,INFY,417.69,430.87,412.53,424.97,424.97,68230
2025-06-13,INFY,424.97,427.37,419.34,421.7,421.7,143097
2025-06-16,INFY,421.7,427.74,417.85,424.05,424.05,137358
2025-06-17,INFY,424.05,431.77,417.14,419.77,419.77,151358
2025-06-18,INFY,419.77,423.29,419.24,422.61,422.61,132047
2025-06-19,INFY,422.61,424.13,419.11,420.71,420.71,95586
2025-06-20,INFY,420.71,422.39,414.96,416.4,416.4,211223
2025-06-23,INFY,416.4,425.35,412.28,423.62,423.62,187827
2025-06-24,INFY,423.62,426.19,421.71,424,424,74799
2025-06-25,INFY,424,424.55,419.66,420.65,420.65,69429
2025-06-26,INFY,420.65,423.36,411.65,415.25,415.25,62723
2025-06-27,INFY,415.25,420.83,409.61,412.64,412.64,40692
2025-06-30,INFY,412.64,418.76,410.26,416.73,416.73,118808
2025-07-01,INFY,416.73,417.58,415.91,416.43,416.43,101378
2025-07-02,INFY,416.43,417.58,411.47,412.54,412.54,182026
2025-07-03,INFY,412.54,420.37,408.97,418.05,418.05,129930
2025-07-04,INFY,418.05,418.96,413.01,414.44,414.44,65976
2025-07-07,INFY,414.44,416.64,411.07,414.21,414.21,178156
2025-07-08,INFY,414.21,416.79,412.93,415.81,415.81,76584
2025-07-09,INFY,415.81,417.96,412.45,415.41,415.41,145735
2025-07-10,INFY,415.41,420.95,412.95,416.11,416.11,67354
2025-07-11,INFY,416.11,421.46,400.57,408.18,408.18,191109
2025-07-14,INFY,408.18,409.47,396.3,398.21,398.21,48431
2025-07-15,INFY,398.21,402.71,395.61,399.56,399.56,131222
2025-07-16,INFY,399.56,402.83,394.26,395.65,395.65,137494
2025-07-17,INFY,395.65,400.02,394.4,398.41,398.41,96764
2025-07-18,INFY,398.41,400.47,393.34,395.19,395.19,145904
2025-07-21,INFY,395.19,401.6,386.62,389.98,389.98,144390
2025-07-22,INFY,389.98,390.75,388.45,389.5,389.5,180278
2025-07-23,INFY,389.5,390.35,387.16,388.1,388.1,105184
2025-07-24,INFY,388.1,391.22,383.67,388.01,388.01,46595
2025-07-25,INFY,388.01,395.28,386.04,393.06,393.06,31337
2025-07-28,INFY,393.06,395.19,387.16,390.5,390.5,145526
2025-07-29,INFY,390.5,395.48,386.81,389.62,389.62,131271
2025-07-30,INFY,389.62,394.72,388.1,393.04,393.04,177576
2025-07-31,INFY,393.04,394.72,389.47,391.61,391.61,155984
2025-08-01,INFY,391.61,392.97,386.48,388.27,388.27,59380
2025-08-04,INFY,388.27,390.35,387.38,388.91,388.91,58979
2025-08-05,INFY,388.91,392.96,384.62,390.8,390.8,97372
2025-08-06,INFY,390.8,392.63,380.66,382.87,382.87,213438
2025-08-07,INFY,382.87,389.14,376.64,380.57,380.57,82350
2025-08-08,INFY,380.57,383.35,379.68,382.46,382.46,113543
2025-08-11,INFY,382.46,387.2,375.84,384.05,384.05,70073
2025-08-12,INFY,384.05,388.22,379.85,385.29,385.29,91227
2025-08-13,INFY,385.29,390.19,380.64,384.78,384.78,129487
2025-08-14,INFY,384.78,385.47,380.28,380.57,380.57,74527
2025-08-15,INFY,380.57,383.51,377.05,379.97,379.97,116088
2025-08-18,INFY,379.97,387.74,377.69,385.4,385.4,80719
2025-08-19,INFY,385.4,389.83,384.66,388.28,388.28,121807
2025-08-20,INFY,388.28,390.44,379.98,381.71,381.71,154528
2025-08-21,INFY,381.71,382.42,377.58,378.51,378.51,126835
2025-08-22,INFY,378.51,381.49,372.28,375.22,375.22,181426
2025-08-25,INFY,375.22,384.93,372.5,378.07,378.07,176271
2025-08-26,INFY,378.07,381.41,377.09,380.39,380.39,123234
2025-08-27,INFY,380.39,390.49,378.37,386.19,386.19,189453
2025-08-28,INFY,386.19,394.22,381.06,390.33,390.33,47425
2025-08-29,INFY,390.33,391.46,384.91,386.51,386.51,103612
2025-09-01,INFY,386.51,388.71,382.59,386.74,386.74,151634
2025-09-02,INFY,386.74,388.42,383.52,384.87,384.87,186229
2025-09-03,INFY,384.87,387.33,377.91,379.72,379.72,135557
2025-09-04,INFY,379.72,383.2,377.98,382.06,382.06,116238
2025-09-05,INFY,382.06,386.81,378.79,385.1,385.1,119138
2025-09-08,INFY,385.1,388.86,379.31,383.93,383.93,128793
2025-09-09,INFY,383.93,390.84,380.57,388.96,388.96,127339
2025-09-10,INFY,388.96,396.63,384.88,393.3,393.3,151639
2025-09-11,INFY,393.3,399.06,385.98,392.48,392.48,2495
2025-09-12,INFY,392.48,395.69,383.88,391.23,391.23,149058
2025-09-15,INFY,391.23,402.18,387.98,394.51,394.51,128568
2025-09-16,INFY,394.51,401.53,389.67,398.14,398.14,94202
2025-09-17,INFY,398.14,399.06,395.35,396.32,396.32,155615
2025-09-18,INFY,396.32,399.15,393.04,396.14,396.14,141153
2025-09-19,INFY,396.14,400.54,394.54,399.19,399.19,229792
2025-09-22,INFY,399.19,406.69,398.47,405.5,405.5,119141
2025-09-23,INFY,405.5,408.47,404.2,407.55,407.55,105174
2025-09-24,INFY,407.55,416.01,405.72,413.17,413.17,130541
2025-09-25,INFY,413.17,421.65,406.81,415.2,415.2,169116
2025-09-26,INFY,415.2,415.91,412.14,412.49,412.49,138057
2025-09-29,INFY,412.49,418.59,411.61,416.34,416.34,172373
2025-09-30,INFY,416.34,427.42,413.36,424.39,424.39,202100
2025-10-01,INFY,424.39,426.92,415.7,421.09,421.09,150144
2025-10-02,INFY,421.09,429.16,419.31,425.18,425.18,152988
2025-10-03,INFY,425.18,430.76,415.95,421.14,421.14,40905
2025-10-06,INFY,421.14,425.72,414.45,418.58,418.58,113388
2025-10-07,INFY,418.58,425.26,415.23,420.84,420.84,58500
2025-10-08,INFY,420.84,427.56,418.13,426.04,426.04,79648
2025-10-09,INFY,426.04,429.88,422.91,427.06,427.06,127650
2025-10-10,INFY,427.06,429.42,423.03,425.26,425.26,128097
2025-10-13,INFY,425.26,429.74,424.65,429.31,429.31,136608
2025-10-14,INFY,429.31,434.33,427,431.88,431.88,79961
2025-10-15,INFY,431.88,434.9,429.45,433.26,433.26,98524
2025-10-16,INFY,433.26,435.55,425.93,427.65,427.65,207723
2025-10-17,INFY,427.65,434.19,422.2,428.1,428.1,52828
2025-10-20,INFY,428.1,429.29,423.52,425.21,425.21,77720
2025-10-21,INFY,425.21,428.97,415.9,419.6,419.6,168092
2025-10-22,INFY,419.6,422.66,413.9,418.56,418.56,192397
2025-10-23,INFY,418.56,427.98,412.66,425.5,425.5,103926
2025-10-24,INFY,425.5,431.16,422.06,428.5,428.5,71217
2025-10-27,INFY,428.5,431.92,425.7,428.67,428.67,85563
2025-10-28,INFY,428.67,432.48,423.54,428.91,428.91,168187
2025-10-29,INFY,428.91,429.36,427.5,428.77,428.77,163434
2025-10-30,INFY,428.77,435.04,426.01,430.25,430.25,110121
2025-10-31,INFY,430.25,434.69,420.96,429.31,429.31,25585
2025-11-03,INFY,429.31,430.25,424.71,425.47,425.47,69729
2025-11-04,INFY,425.47,428.85,420.87,423.25,423.25,106462
2025-11-05,INFY,423.25,428.07,418.12,425.55,425.55,65883
2025-11-06,INFY,425.55,430.24,421.21,427.33,427.33,145740
2025-11-07,INFY,427.33,428.61,420.62,423.47,423.47,92371
2025-11-10,INFY,423.47,430.12,417.86,423.07,423.07,188026
2025-11-11,INFY,423.07,430.67,419.81,425.24,425.24,128389
2025-11-12,INFY,425.24,426.92,420.81,422.39,422.39,89600
2025-11-13,INFY,422.39,434.14,417.21,428.33,428.33,40149
2025-11-14,INFY,428.33,429.95,422.7,425.12,425.12,172302
2025-11-17,INFY,425.12,425.89,422.96,423.83,423.83,155423
2025-11-18,INFY,423.83,432.83,422.17,429.97,429.97,13548
2025-11-19,INFY,429.97,430.97,427.51,428.5,428.5,56543
2025-11-20,INFY,428.5,430.31,421.64,423.18,423.18,167372
2025-11-21,INFY,423.18,425.09,417.4,420.3,420.3,90656
2025-11-24,INFY,420.3,425.1,412.25,417.81,417.81,56620
2025-11-25,INFY,417.81,427.22,411.6,421.07,421.07,78131
2025-11-26,INFY,421.07,422.56,420.26,422.13,422.13,64151
2025-11-27,INFY,422.13,426.88,414.99,421.64,421.64,83253
2025-11-28,INFY,421.64,424.17,420.1,421.4,421.4,137394
2025-12-01,INFY,421.4,423.75,420.37,422.05,422.05,17740
2025-12-02,INFY,422.05,428.31,419.36,426.89,426.89,162407
2025-12-03,INFY,426.89,430.06,422.11,425.52,425.52,56736
2025-12-04,INFY,425.52,430.01,420.52,422.73,422.73,139297
2025-12-05,INFY,422.73,425.18,418.16,421.73,421.73,198797
2025-12-08,INFY,421.73,422.72,418.73,420.35,420.35,95783
2025-12-09,INFY,420.35,423.65,417.49,421.48,421.48,183151
2025-12-10,INFY,421.48,425.98,415.55,420.14,420.14,67326
2025-12-11,INFY,420.14,426.43,415.17,419.03,419.03,46821
2025-12-12,INFY,419.03,422.06,413.77,416.54,416.54,30831
2025-12-15,INFY,416.54,420.79,409.08,413.94,413.94,138100
2025-12-16,INFY,413.94,415.85,410,412.29,412.29,82998
2025-12-17,INFY,412.29,418.85,407.76,413.26,413.26,137872
2025-12-18,INFY,413.26,417.63,411.05,415.53,415.53,161869
2025-12-19,INFY,415.53,418.37,414.3,416.48,416.48,182213
2025-12-22,INFY,416.48,419.18,406.64,411.36,411.36,103673
2025-12-23,INFY,411.36,419.33,408.98,415.48,415.48,107977
2025-12-24,INFY,415.48,427.69,414.04,425.72,425.72,207006
2025-12-25,INFY,425.72,428.52,421.97,424.68,424.68,142224
2025-12-26,INFY,424.68,428.22,417.27,420.96,420.96,154346
2025-12-29,INFY,420.96,422.73,420.34,421.81,421.81,202093
2025-12-30,INFY,421.81,427.95,418.99,426.04,426.04,179881
2025-12-31,INFY,426.04,430.16,419.3,424.35,424.35,45634
